GGGTGGGGGGAGTTTGCTCCNGG,GGGTGGGGGGAGTTTGCTCCTGG,0.3342
GGGTGGGGGGAGTTTGCTCCNGG,TAGTGGAGGGAGCTTGCTCCTGG,0.2333
GGGTGGGGGGAGTTTGCTCCNGG,GGATGGAGGGAGTTTGCTCCTGG,0.2221
GGGTGGGGGGAGTTTGCTCCNGG,GGAAGGATGGAGTTTGCTCCTGG,0.0547
GGGTGGGGGGAGTTTGCTCCNGG,CGGGGGAGGGAGTTTGCTCCTGG,0.0415
GGGTGGGGGGAGTTTGCTCCNGG,GAGGGTGGGGAGTTTACTCCTGG,0.0393
GGGTGGGGGGAGTTTGCTCCNGG,GGCAGAGTGCTGCTTGCTGCTGG,0.0356
GGGTGGGGGGAGTTTGCTCCNGG,GAGGGGGAGCAGTTTGCTCCAGG,0.0162
GGGTGGGGGGAGTTTGCTCCNGG,CTGGTGGGGGAGTTTGCTCCAGG,0.0086
GGGTGGGGGGAGTTTGCTCCNGG,GTGGGGGTAGAGTTTGCTCCAGG,0.0030
GGGTGGGGGGAGTTTGCTCCNGG,AAGGAAGTAAAGTTTGCTCCTGG,0.0024
GGGTGGGGGGAGTTTGCTCCNGG,TGGAGGGGTGAGATAGGGCTTGG,0.0006